paper_pmcid,dataset_type,dataset_id,dataset_url
PMC10719374,OSDR,OSD-104,https://osdr.nasa.gov/bio/repo/data/studies/OSD-104
PMC10719374,OSDR,OSD-105,https://osdr.nasa.gov/bio/repo/data/studies/OSD-105
PMC10719374,OSDR,OSD-488,https://osdr.nasa.gov/bio/repo/data/studies/OSD-488
PMC11166911,OSDR,OSD-352,https://osdr.nasa.gov/bio/repo/data/studies/OSD-352
PMC11470607,GEO,GSE32472,https://www.ncbi.nlm.nih.gov/geo/query/acc.cgi?acc=GSE32472
PMC11940681,OSDR,OSD-489,https://osdr.nasa.gov/bio/repo/data/studies/OSD-489
PMC11940681,OSDR,OSD-804,https://osdr.nasa.gov/bio/repo/data/studies/OSD-804
PMC11941215,OSDR,OSD-738,https://osdr.nasa.gov/bio/repo/data/studies/OSD-738
PMC11941215,OSDR,OSD-751,https://osdr.nasa.gov/bio/repo/data/studies/OSD-751
PMC11941215,OSDR,OSD-752,https://osdr.nasa.gov/bio/repo/data/studies/OSD-752
PMC5736159,GENELAB,GLDS-47,https://genelab-data.ndc.nasa.gov/genelab/accession/GLDS-47
PMC5736159,GENELAB,GLDS-48,https://genelab-data.ndc.nasa.gov/genelab/accession/GLDS-48
PMC6747492,GENELAB,GLDS-202,https://genelab-data.ndc.nasa.gov/genelab/accession/GLDS-202
PMC7756144,GENELAB,GLDS-336,https://genelab-data.ndc.nasa.gov/genelab/accession/GLDS-336
PMC7828077,GENELAB,GLDS-244,https://genelab-data.ndc.nasa.gov/genelab/accession/GLDS-244
PMC7828077,GENELAB,GLDS-245,https://genelab-data.ndc.nasa.gov/genelab/accession/GLDS-245
PMC7828077,GENELAB,GLDS-246,https://genelab-data.ndc.nasa.gov/genelab/accession/GLDS-246
PMC7828077,GENELAB,GLDS-288,https://genelab-data.ndc.nasa.gov/genelab/accession/GLDS-288
PMC7828077,GENELAB,GLDS-289,https://genelab-data.ndc.nasa.gov/genelab/accession/GLDS-289
PMC7828077,GENELAB,GLDS-4,https://genelab-data.ndc.nasa.gov/genelab/accession/GLDS-4
PMC8509868,GEO,GSE169292,https://www.ncbi.nlm.nih.gov/geo/query/acc.cgi?acc=GSE169292
PMC8953707,GENELAB,GLDS-101,https://genelab-data.ndc.nasa.gov/genelab/accession/GLDS-101
PMC8953707,GENELAB,GLDS-103,https://genelab-data.ndc.nasa.gov/genelab/accession/GLDS-103
PMC8953707,GENELAB,GLDS-104,https://genelab-data.ndc.nasa.gov/genelab/accession/GLDS-104
PMC8953707,GENELAB,GLDS-111,https://genelab-data.ndc.nasa.gov/genelab/accession/GLDS-111
PMC8953707,GENELAB,GLDS-135,https://genelab-data.ndc.nasa.gov/genelab/accession/GLDS-135
PMC8953707,GENELAB,GLDS-21,https://genelab-data.ndc.nasa.gov/genelab/accession/GLDS-21
PMC8953707,GENELAB,GLDS-99,https://genelab-data.ndc.nasa.gov/genelab/accession/GLDS-99
PMC9576569,GENELAB,GLDS-103,https://genelab-data.ndc.nasa.gov/genelab/accession/GLDS-103
PMC9576569,GENELAB,GLDS-168,https://genelab-data.ndc.nasa.gov/genelab/accession/GLDS-168
